1;566;636;1984-08-01;17400
2;695;274;1962-03-05;13600
2;38;335;2003-02-16;96900
2;237;144;1989-03-09;59700
3;783;898;1923-11-02;11500
3;142;729;1984-05-03;7500
3;331;565;1929-04-14;6300
4;413;734;2022-09-09;38300
5;810;509;2022-12-21;1100
5;373;661;1984-12-22;43200
6;166;488;1998-11-20;61900
6;842;476;1914-02-01;15800
6;408;285;1964-08-19;66900
7;144;820;1906-08-06;23900
8;389;614;1988-12-23;41800
8;196;932;1983-08-01;6200
8;321;875;1908-09-25;74700
9;986;421;1907-11-30;91500
9;147;388;2020-10-26;4000
9;505;123;1925-12-01;80200
10;116;682;1952-01-04;21700
10;720;427;1986-10-17;91900
10;223;97;1985-02-05;40100
11;539;130;2004-11-11;26700
11;7;373;1952-11-23;47600
11;718;662;1960-04-19;84400
12;810;648;2008-05-27;88000
12;797;994;1980-12-17;53000
12;797;669;1941-03-26;82600
13;220;335;1942-07-21;72400
13;585;444;1967-04-11;79200
14;788;900;1951-12-28;44000
14;705;548;1905-06-07;71200
14;35;653;1900-04-29;45200
15;311;354;1966-09-01;72100
15;301;450;1992-09-13;54900
15;241;746;1900-11-25;53100
16;586;403;2007-05-29;64500
16;710;903;1926-06-20;74200
16;730;169;1984-10-19;4100
17;91;211;1925-08-20;99700
17;384;847;2012-01-24;60100
17;930;587;1909-06-13;27800
18;404;557;1906-12-10;13200
18;195;524;1900-06-12;80100
19;596;189;1962-06-29;39000
19;639;718;1945-08-12;20300
19;540;418;1950-12-04;34700
20;961;342;2020-07-27;34800
20;697;25;1960-10-01;89700
21;448;498;2001-11-01;12700
22;8;735;1959-03-04;2200
22;177;801;1982-01-07;11100
22;378;418;1955-11-06;15800
23;604;578;1921-03-05;64300
24;503;579;1994-11-02;86400
24;693;34;1917-10-01;99700
25;199;851;1924-02-16;26100
25;838;605;1989-01-06;69300
26;919;475;1984-04-04;68900
26;483;147;1974-10-24;17900
26;483;815;1980-09-17;43600
27;238;260;1973-06-11;93300
27;624;170;1946-01-10;59300
28;447;940;1957-05-17;26400
29;675;947;1903-12-25;87100
29;159;903;2009-04-12;22000
29;792;600;1919-10-18;79700
30;263;108;1935-04-23;34700
30;407;976;1990-12-31;77700
31;72;812;1973-07-07;24400
31;639;463;1989-03-05;67900
31;623;332;1953-04-24;35800
32;701;76;1968-08-02;66300
33;320;27;1975-10-05;9200
33;768;653;1996-02-28;18000
33;637;307;1964-11-22;75900
34;326;798;1934-12-24;4100
34;358;939;2007-07-12;74300
34;426;799;1979-06-23;4900
35;437;957;1982-07-30;99800
35;116;71;1991-07-23;94200
36;304;603;1902-11-08;16600
36;116;632;2019-03-05;47900
36;580;906;2007-09-17;53500
37;475;62;1948-06-03;68300
38;264;191;1919-01-18;11300
38;816;18;1908-03-26;17900
38;886;85;2018-11-17;66900
39;782;72;1907-06-26;67100
39;505;806;1995-04-23;58700
39;980;461;1908-10-30;77000
40;516;256;1974-04-17;12500
40;948;721;1922-02-14;49900
41;426;460;2020-02-29;12300
41;912;311;1998-10-21;79500
41;4;598;1934-05-30;85700
42;97;990;1903-08-23;78500
42;581;345;1954-05-22;51900
42;213;391;1984-05-18;8500
43;375;896;1997-09-24;11000
43;200;591;1991-02-12;40700
44;350;617;1928-01-27;10800
44;775;800;1963-06-22;55800
45;476;892;2018-10-02;27400
46;428;212;1974-04-09;56700
46;535;536;1985-05-17;58200
47;725;547;1970-10-07;79200
47;775;868;1956-05-13;92600
48;521;242;1952-12-09;7300
48;774;830;1906-12-21;24500
49;530;695;1957-12-16;77600
49;37;612;2009-10-10;93100
49;67;917;1952-05-14;89000
50;213;757;1924-11-26;15800
50;863;341;2012-08-23;40400
51;701;212;1964-11-13;78000
51;104;425;1906-04-27;27400
52;95;663;1995-01-05;16600
53;947;179;2004-06-27;10600
53;173;196;1905-01-17;73500
53;894;123;1988-12-31;97700
54;116;871;1933-12-22;69000
54;643;856;2003-07-17;94700
54;706;780;1957-06-30;31500
55;449;24;1940-11-17;95700
55;164;948;1979-09-15;1400
55;432;311;1979-03-05;52900
56;149;848;1983-10-16;700
57;301;616;1903-01-06;47200
57;145;45;1983-03-12;18700
57;525;676;1972-06-19;67800
58;250;150;1978-10-05;34600
59;444;158;1989-11-14;55900
60;571;802;1917-07-03;24300
61;302;742;1939-06-21;15000
61;108;687;1985-09-08;12400
62;150;849;1931-12-23;61400
62;896;473;2004-03-18;54600
63;366;852;2008-11-09;69300
64;580;567;1959-02-27;94900
65;602;940;1972-02-08;45100
66;676;489;1902-11-06;64400
66;845;957;1938-03-08;50700
67;75;996;1918-08-31;92900
67;315;852;2008-04-03;58500
68;498;392;2003-08-18;54800
68;551;804;2010-09-26;62300
68;684;75;1988-12-02;66100
69;635;243;2010-01-19;20100
70;928;49;1952-07-31;58300
70;648;126;2008-09-21;58400
71;224;598;1921-03-24;91400
71;922;665;1903-02-07;61700
72;658;988;1957-08-08;72900
72;686;523;1991-11-05;2500
73;51;901;1906-11-12;63200
73;906;908;1943-11-04;77100
73;555;296;1968-03-25;54300
74;279;671;1935-02-16;59200
74;957;942;2021-11-15;61700
75;4;688;1958-11-09;39900
75;826;565;1954-03-23;83200
75;807;551;1962-08-28;59200
76;467;72;2022-03-03;24600
76;161;128;2002-02-25;22500
77;371;175;2015-05-25;76400
78;673;649;2007-12-08;31300
79;963;600;2021-01-13;62000
79;404;748;2021-02-12;15500
79;568;879;1970-08-24;34800
80;864;997;1953-02-23;90200
80;885;233;1976-12-13;95200
80;275;251;1961-01-10;90900
81;785;110;1904-11-10;62600
82;725;170;2012-07-29;85700
83;537;374;1966-09-17;29000
83;923;441;1980-06-11;75400
84;845;537;2008-11-13;48600
84;714;197;1913-01-24;75100
85;975;166;1919-09-15;66200
85;975;864;1983-04-02;38700
86;409;508;1946-05-12;40100
86;440;136;2013-01-17;34000
86;80;513;1954-08-28;43800
87;247;53;1991-12-15;11200
87;368;255;2014-09-13;84400
88;950;305;1913-07-01;41300
88;106;604;1965-08-31;36900
89;253;503;1995-04-22;7500
89;295;238;1966-07-28;4900
90;390;602;2013-04-24;42300
90;386;359;1996-10-08;4500
90;984;890;1906-08-29;77000
91;627;181;1954-11-24;79300
91;320;913;1967-04-03;17100
91;48;950;1946-12-05;30800
92;932;667;1929-09-28;41700
93;845;459;1917-01-31;50900
93;761;72;1936-11-15;24800
94;569;249;2010-07-27;11500
94;451;638;1978-02-20;78400
94;980;487;1921-02-03;5500
95;848;823;1968-12-21;24100
95;639;297;1986-08-04;8600
96;449;130;1945-01-30;87300
96;949;486;1987-07-24;73000
96;449;487;1977-01-20;54500
97;646;654;1987-04-20;3300
97;789;292;1938-02-07;34800
97;1000;742;2010-01-08;21400
98;777;1;1940-05-13;19100
98;145;546;1991-08-02;31600
98;475;107;1927-04-15;100
99;461;668;2016-11-30;74600
99;369;360;1975-11-29;69600
99;233;13;2012-01-26;47500
100;459;813;1994-10-15;11500
100;233;840;1943-05-11;24500
101;365;750;2010-05-04;52800
102;319;755;1929-12-03;9100
103;967;49;1922-08-04;76200
103;325;338;1926-05-06;5300
104;902;316;1989-02-24;41500
105;602;637;1919-12-14;35800
105;122;960;2000-06-17;68300
105;639;839;1989-03-03;53500
106;229;27;1962-01-20;15300
106;476;298;1938-02-11;77500
107;991;89;1921-11-05;36600
108;492;655;1912-11-09;87300
108;456;489;1979-11-30;91100
108;816;467;1944-04-15;23200
109;462;914;1930-05-12;85800
109;633;260;1970-02-18;75400
110;420;676;2014-05-22;10300
111;293;686;1987-06-21;26100
111;260;469;1958-12-27;61900
112;363;912;1963-12-31;100
112;579;975;1995-04-27;83500
113;325;565;1925-12-20;64600
113;642;425;2011-05-21;37100
114;882;304;1954-03-09;54200
114;780;503;2004-11-01;21500
114;39;727;1928-01-19;39500
115;282;407;1949-03-16;39800
115;350;66;1998-05-08;30600
115;712;38;1960-06-18;17000
116;888;121;1932-07-30;5100
116;863;839;2001-02-22;55000
117;458;690;1927-11-08;76600
117;679;150;1974-08-10;86100
117;55;83;1934-02-14;2700
118;289;660;1948-12-21;22700
119;244;370;1907-09-13;1200
119;975;368;1964-10-24;80500
120;117;957;2016-06-24;51400
120;917;801;2013-07-24;15800
121;578;726;1917-07-22;53400
122;216;359;1999-08-02;80300
122;596;264;1970-10-12;51700
122;467;384;1922-11-30;82400
123;94;434;1923-08-21;26600
123;106;910;1968-04-20;95500
124;178;38;1922-03-18;75400
124;24;16;1921-06-17;90400
124;479;661;1991-06-27;26900
125;687;872;1996-07-17;2400
125;479;188;1982-06-03;98400
126;131;247;2003-06-22;22800
126;469;487;1949-01-11;54800
127;696;730;2017-08-09;51100
127;831;53;1943-07-05;38700
128;507;119;1933-05-21;12600
128;141;585;1999-09-10;59600
128;535;943;1984-12-17;70300
129;309;776;1977-09-03;52500
129;161;711;1915-08-03;48200
130;573;988;2021-10-08;87600
130;49;474;2017-02-26;39100
130;734;15;1966-03-25;30500
131;880;752;2016-11-05;2300
132;49;143;1946-10-25;72900
133;261;179;1938-06-08;28900
133;194;990;1907-03-27;40600
133;886;451;1973-08-22;21700
134;393;356;1996-01-29;64900
135;777;159;1981-07-17;27200
136;541;976;1921-08-14;84600
136;752;75;1960-09-19;85300
137;164;855;1911-07-03;33300
138;845;648;1945-07-27;19200
139;306;182;1901-03-24;55600
139;809;906;1911-02-11;81400
139;719;421;2007-05-28;78700
140;494;746;2010-03-02;60000
141;42;604;1965-10-20;70200
141;255;856;1984-03-20;45100
141;862;423;1910-10-16;69100
142;574;418;1902-04-03;53900
142;936;268;2017-03-16;67700
142;393;307;1909-12-21;93200
143;250;663;1932-07-19;3300
143;940;590;1928-11-16;31100
143;384;277;2006-09-10;15000
144;811;141;2008-10-15;23000
144;244;441;1991-02-23;19300
145;944;443;1928-01-29;31100
145;661;894;1914-01-10;1500
145;100;294;1986-01-01;66200
146;301;591;1996-06-13;73800
147;373;257;1966-10-12;3400
147;212;193;1991-05-31;19600
148;234;153;1918-01-24;78300
148;541;828;1927-03-03;43500
148;785;828;1924-08-09;99500
149;171;966;2015-10-18;60600
149;616;255;1964-07-10;72500
150;284;362;2013-06-17;53600
151;864;670;1927-10-16;46200
151;45;512;1990-04-14;98300
152;880;422;1982-01-10;34500
152;424;388;1988-04-30;55600
153;37;980;2001-03-27;59600
153;688;735;1944-03-17;70400
153;9;873;1906-07-03;65500
154;672;673;2022-01-03;85700
154;230;7;1923-06-18;8700
154;522;952;1918-11-29;85900
155;161;564;1950-09-26;41700
156;239;238;1962-02-27;93400
157;330;888;1979-08-22;76600
157;214;887;1932-04-14;57300
157;374;382;1923-03-18;4100
158;20;339;2005-11-19;37500
158;908;187;1942-03-10;17800
158;448;809;1964-09-12;23200
159;470;442;2009-09-11;59600
160;326;37;1955-05-26;85700
160;367;92;2002-11-15;27800
161;37;194;1905-08-15;70900
161;102;608;1968-04-08;90500
162;387;335;1913-12-27;76400
162;167;760;1974-05-23;19400
162;558;1;1960-04-02;60400
163;890;470;2001-09-15;56600
164;339;840;2012-07-22;89600
165;759;766;1910-06-14;67700
165;390;358;1995-05-02;14800
165;822;17;2002-06-26;85200
166;760;455;1903-02-27;65900
166;576;750;1951-03-25;4400
167;962;258;2002-04-16;6300
167;395;943;1958-12-13;39200
167;49;181;1966-10-11;17100
168;714;531;1977-06-05;45800
168;13;646;2017-09-26;50200
169;755;858;1975-10-18;68000
169;282;391;1966-08-25;20800
169;534;450;2010-04-09;74800
170;896;573;1943-07-11;3400
171;610;885;2008-03-20;95100
172;993;861;1960-11-02;87200
172;646;818;1985-02-12;73700
172;282;229;1996-12-01;11000
173;280;46;1951-05-09;52000
174;485;988;1934-07-23;96900
175;917;566;1976-01-21;16300
175;738;448;2018-02-18;3700
175;624;489;1985-02-01;41800
176;210;831;1955-08-05;64900
176;551;659;1928-02-11;62700
176;226;274;1981-11-21;98100
177;400;635;1926-07-19;51100
177;155;103;1978-06-22;17800
178;339;184;2011-03-26;77600
178;786;817;1951-09-03;46000
178;64;978;1944-10-08;51300
179;377;752;1951-03-26;14200
179;703;227;1964-01-05;62700
180;655;296;1948-01-27;59000
180;53;507;1944-05-01;54500
181;124;926;1975-10-04;69300
182;214;998;1927-07-07;54400
182;963;550;1900-04-25;48700
182;949;901;1964-04-30;44100
183;336;610;2008-02-12;37000
184;70;753;1918-07-14;38600
184;559;364;2019-09-20;51700
185;721;239;1985-09-02;23200
186;943;402;1920-07-09;30700
186;865;17;2015-07-31;1500
187;90;398;1918-12-17;3200
187;298;976;1944-11-25;39200
188;990;109;1952-06-26;99700
189;893;601;1998-11-11;5900
190;531;397;1972-02-28;200
191;786;439;2010-03-21;64100
191;138;734;1997-01-20;36200
191;944;502;1983-03-21;93100
192;568;14;1990-03-02;84800
192;397;296;1941-08-15;41500
192;979;191;1974-01-19;24900
193;401;909;2008-12-09;82900
193;615;838;1941-09-13;12600
193;759;480;2020-02-12;28600
194;21;632;1981-02-11;16400
194;101;921;1954-08-26;23000
195;941;366;2016-10-01;44600
196;904;279;1976-06-20;57400
196;912;148;1921-08-04;59100
196;482;549;1981-04-30;90800
197;176;483;2003-05-27;43000
197;985;532;1953-06-17;51500
198;249;297;1976-02-05;71500
198;275;174;1964-10-23;74300
199;898;528;1908-08-13;48000
200;139;585;1996-01-12;63400
200;916;676;1958-03-16;72500
200;353;457;1983-07-29;20700
201;237;712;2021-04-30;11400
202;152;556;1994-06-11;43800
202;918;956;2004-10-09;25700
202;213;566;1903-06-12;75200
203;867;988;1910-11-19;36000
203;647;357;1964-10-20;67900
204;280;282;1975-03-11;79900
204;582;548;2011-05-01;1300
205;264;328;1923-05-18;48300
205;176;510;1919-03-15;63500
206;361;817;1944-06-21;21500
206;110;727;2003-06-13;99800
207;394;897;1919-05-01;31900
208;391;844;1996-04-05;54300
208;890;938;2016-02-14;52300
209;437;16;1919-02-19;78300
209;75;567;1960-09-30;23100
210;447;888;1916-07-11;49100
210;980;559;1988-11-13;32500
211;648;897;1944-05-14;15200
212;580;836;1947-07-06;76500
212;379;441;1975-06-28;9700
212;243;89;1997-10-13;60200
213;532;461;1984-10-28;58500
214;184;83;1992-06-07;42900
215;881;840;1954-05-31;86100
215;235;12;1909-02-02;51100
215;590;584;1909-12-03;63900
216;516;462;1997-02-08;19400
216;696;609;1973-01-03;32100
216;175;97;1931-12-06;85400
217;439;2;1980-03-12;4700
217;406;885;1994-05-25;38200
217;642;35;1968-09-24;44600
218;457;313;1964-07-17;38600
219;160;190;1942-10-03;7400
220;666;519;1947-08-28;42200
220;859;884;1979-09-19;97000
221;915;683;2015-12-29;79200
222;782;900;1989-01-14;56500
222;201;978;2000-05-06;46400
222;476;829;1912-12-10;58500
223;297;1000;2009-03-04;25500
223;708;321;2016-12-24;24000
223;856;53;1927-09-24;89700
224;277;427;1961-01-21;89400
224;870;854;1912-03-20;33000
224;917;221;1913-12-04;16400
225;712;994;2014-06-14;17000
226;670;413;1921-05-18;20000
226;695;17;1917-07-22;5800
226;159;116;1909-10-05;59200
227;120;721;1917-11-14;55100
228;462;53;1973-04-13;55800
228;102;683;1904-12-12;91500
229;240;462;1952-02-09;43900
229;779;287;1903-10-17;28200
229;973;869;1976-02-03;99200
230;723;754;2019-12-30;6200
230;295;103;1967-10-01;76700
230;989;727;1975-02-02;96400
231;662;785;1977-12-11;28500
231;224;468;1998-02-28;32300
232;622;622;2009-09-04;73000
233;438;748;1909-07-08;21500
234;425;371;1935-04-24;18500
235;232;578;1969-07-01;84200
235;740;164;1935-06-22;89400
235;893;985;2019-09-02;2600
236;465;578;1995-12-08;58100
237;779;419;2001-03-14;41800
237;387;450;1960-03-28;67300
237;572;489;1959-02-14;75400
238;719;659;2017-08-10;43400
239;480;863;1948-12-04;45800
239;200;322;1985-11-23;18000
240;633;55;1904-02-24;57500
241;362;207;1910-06-06;15100
241;467;208;1995-08-27;29700
242;887;447;1995-05-21;2500
242;287;480;1984-08-19;93200
243;438;773;1953-08-10;88900
243;688;596;1955-09-19;83200
244;814;245;1956-06-08;97800
244;515;245;2008-11-09;24300
245;999;821;1962-06-20;73800
245;21;613;1994-07-19;94400
245;796;790;1982-08-25;68500
246;575;374;1964-03-09;700
247;293;58;1982-07-09;99600
248;423;111;1969-12-07;21100
248;818;165;1998-08-18;73100
248;793;37;1993-10-22;56500
249;389;23;1924-11-22;68500
249;74;669;1918-06-19;64600
249;625;359;1983-04-29;31200
250;318;77;1923-10-30;41600
250;545;502;1974-12-03;41700
251;442;316;1919-02-14;15000
251;730;590;2014-03-09;60200
252;305;253;1948-05-10;17000
252;794;128;1955-02-06;73000
253;34;928;2002-06-18;70700
254;264;140;2004-04-16;46500
254;457;503;1986-09-29;14400
254;124;824;1962-04-14;69200
255;651;530;1996-02-08;94800
255;109;529;1988-10-02;53200
255;778;827;2009-05-10;5900
256;903;734;1927-01-15;32900
256;803;923;1981-03-20;67700
257;866;82;2005-04-27;72700
257;655;258;1932-09-26;33800
257;454;70;1933-03-23;57800
258;451;230;1929-07-10;36700
259;719;692;1936-11-11;31500
260;90;410;2014-10-07;67100
261;665;696;1955-09-22;65100
262;244;21;1947-10-11;75600
262;672;54;1990-07-07;53100
263;647;37;1931-05-14;51600
263;552;587;1938-06-25;32500
264;987;334;1942-04-10;32600
265;493;796;1972-02-29;64500
266;313;286;1991-12-22;5900
267;397;177;2002-04-10;94300
267;527;695;1965-04-14;36500
267;839;874;2003-01-24;14800
268;146;69;1986-02-05;82800
268;576;870;1986-04-09;2600
268;7;23;1952-07-23;50000
269;576;235;1974-09-25;40700
270;759;979;2018-05-21;79100
270;947;312;1923-10-25;23300
270;990;592;2007-03-02;90600
271;639;562;2009-07-04;22600
272;964;718;1973-05-22;31100
273;574;920;2021-11-18;16600
273;985;433;2016-06-15;33200
273;80;3;1926-01-06;85200
274;481;32;2022-09-23;43400
275;847;120;1971-11-04;14700
276;875;56;2016-02-18;93700
276;94;764;1935-01-28;65700
276;493;881;1930-07-14;58500
277;676;476;2009-04-09;27400
278;303;830;1959-01-26;27400
278;563;915;1963-06-13;48500
279;180;550;2008-12-14;46100
279;531;666;1963-07-28;1300
280;959;698;1987-02-20;88800
280;106;721;1907-06-12;18000
281;680;395;1964-01-17;7900
282;387;288;2012-06-02;63400
282;702;496;2000-09-06;22600
282;600;705;1923-09-30;55300
283;457;867;1909-04-30;65600
283;430;720;1923-09-18;85900
284;597;685;1990-10-31;15100
284;445;49;1951-07-16;27500
285;281;509;1985-07-26;15800
285;886;16;1928-12-18;4600
285;124;640;1928-09-01;64200
286;229;341;2018-06-23;33000
287;744;887;1959-03-03;65800
287;589;453;1925-02-04;77600
287;361;225;2001-10-01;53800
288;267;855;1926-04-08;34800
289;536;279;2008-06-23;24400
290;359;868;1928-07-06;50400
290;226;659;1945-02-06;94100
291;159;74;1946-01-31;31500
292;230;534;1904-01-15;58600
292;190;630;2016-10-13;37600
292;587;953;1940-06-21;15900
293;799;798;1914-10-16;49600
293;197;880;1904-02-03;62600
294;369;703;1900-09-10;98300
294;761;809;2016-10-25;39000
295;228;303;1920-04-08;14800
295;814;759;1991-04-02;70900
296;128;449;2008-11-28;66900
297;47;151;1918-12-10;8600
298;822;899;2019-06-03;27700
298;25;638;1966-02-05;33200
298;899;898;1964-04-29;19900
299;549;619;1912-11-11;39500
299;666;474;1970-06-21;15200
300;466;74;1907-05-24;78900
300;267;157;1996-07-28;98200
300;439;75;1989-04-23;72500
301;426;386;2012-08-11;96900
301;216;247;1988-01-17;64200
302;365;452;2020-10-04;86100
302;42;601;1906-05-22;65600
302;793;453;1991-07-08;72100
303;294;18;1957-11-12;68200
303;959;125;1927-06-19;27300
304;726;894;2014-10-08;84100
305;842;356;2011-06-15;85700
305;109;432;1941-03-29;58700
306;559;55;1912-11-25;53600
307;164;762;1971-12-16;85700
307;329;853;1928-10-01;24200
308;604;575;1959-12-28;14700
308;554;114;2002-05-27;27200
308;541;53;1984-10-10;38000
309;299;488;2005-02-01;55600
309;761;82;1920-01-31;34600
309;137;993;1978-05-25;94300
310;261;183;2015-06-03;76500
311;786;677;1986-05-11;61200
311;648;148;2018-05-26;62400
312;219;622;1924-09-28;16200
312;219;88;2010-12-05;89300
312;95;920;2016-09-02;44400
313;418;672;1961-05-07;73500
313;987;613;1948-06-09;15700
314;914;326;1969-09-08;44800
314;463;40;1941-02-06;94800
315;547;174;1960-03-10;50600
315;822;131;1936-10-07;53800
316;849;733;1947-03-24;31500
317;963;673;1981-03-28;99700
317;885;91;1916-01-16;14900
318;892;448;1994-09-02;19500
318;357;433;1925-02-26;24100
319;745;532;1977-09-25;11000
320;853;172;1950-06-16;64500
320;566;251;1999-12-11;46800
321;869;842;1905-06-01;33200
321;627;579;1903-02-11;43000
321;381;187;2009-01-07;65000
322;144;687;1912-01-31;77200
322;74;253;1905-12-18;31000
322;937;149;1926-10-06;90400
323;196;474;1958-08-21;42300
323;345;194;1991-04-06;51800
323;237;49;1909-03-31;87500
324;710;265;1944-12-06;53500
325;421;739;1952-10-23;79100
325;690;733;1950-04-17;86000
325;1000;30;2020-12-31;97100
326;255;740;1957-10-21;40200
326;423;682;1961-01-08;79600
327;406;341;1927-02-18;90000
328;868;205;1957-12-03;7900
329;594;850;2001-12-06;74500
330;575;596;1965-08-17;54600
330;128;710;1963-12-19;43900
330;1000;39;2013-08-23;19300
331;561;261;1998-07-26;27000
331;15;318;1958-03-04;15600
332;44;165;1966-06-12;68800
332;453;95;1967-12-15;40400
332;914;356;1939-01-22;65400
333;881;969;1911-06-23;36600
334;349;541;2019-09-27;98300
334;539;818;1961-08-12;41200
335;385;612;1916-10-06;41700
335;120;188;1939-11-28;12400
336;952;628;1937-09-01;79600
337;846;250;1969-12-21;50900
338;613;362;2010-12-08;27600
338;573;508;1912-12-28;67900
338;788;61;2021-11-12;49500
339;768;777;1970-11-03;14600
339;252;147;1963-03-24;29800
340;925;539;1998-02-14;21300
340;385;310;1912-10-14;21400
341;108;749;2015-01-20;49500
341;785;993;1995-12-25;12700
342;392;133;1945-12-25;9800
343;770;747;1907-06-09;13600
343;890;776;1920-01-02;48600
344;821;451;2017-01-27;91200
344;135;170;1946-03-16;50000
344;6;229;1975-05-16;77600
345;139;410;1910-04-14;38900
345;353;896;1996-03-20;25600
345;394;546;1973-10-18;91900
346;431;478;2010-12-19;36800
346;837;477;1969-08-28;73900
347;995;289;1934-08-19;52100
347;643;267;1957-09-18;2100
347;683;448;1999-03-23;63400
348;388;927;1933-04-14;52200
348;308;818;1944-05-27;56000
348;269;949;1936-12-30;29300
349;606;188;2006-11-17;61900
350;669;162;1939-08-02;31600
350;531;619;1947-11-10;62200
351;918;875;1936-06-11;62900
352;643;184;1944-10-03;25900
352;223;815;1934-11-03;29900
352;567;753;1918-11-15;68400
353;741;952;1904-02-15;50500
353;894;677;1954-12-09;97600
353;246;667;1930-11-25;31400
354;249;658;1982-02-22;96400
354;552;984;2014-11-11;28800
354;523;851;1927-06-07;1600
355;487;11;2015-12-27;37200
355;954;218;1953-07-20;86700
356;560;64;1950-08-03;54300
357;258;194;1980-03-24;26800
357;216;703;1986-07-02;77200
358;264;998;1959-09-24;83300
358;154;811;1906-04-07;9700
358;25;22;1921-06-02;19800
359;977;290;1987-09-06;68800
360;767;821;1917-05-09;49000
360;733;517;2005-08-19;34900
360;61;679;1990-04-22;87900
361;208;335;1932-03-30;34000
362;290;711;2010-11-17;48500
362;498;833;1917-11-19;56700
363;448;325;1937-05-03;59300
363;5;310;1986-08-30;34800
363;769;347;1919-06-07;92400
364;974;749;2012-11-29;3900
364;354;180;1948-11-12;16400
365;339;603;1966-06-16;87200
366;596;705;1963-05-14;70000
366;868;511;1927-09-22;94100
366;89;695;1904-11-28;53900
367;135;103;1960-12-21;47800
367;941;125;1908-09-28;30000
368;411;377;1959-05-22;91100
369;519;584;1993-09-26;23900
369;671;43;1975-05-06;99200
370;533;536;1909-11-05;41700
371;527;53;1957-01-31;67300
372;950;680;1999-12-23;56000
372;112;246;1977-12-24;80900
372;210;185;1982-08-20;55600
373;437;997;1983-07-11;10100
374;485;422;1930-08-12;7300
374;92;55;2018-07-04;66800
374;897;718;1940-05-09;45100
375;678;227;2020-07-30;63500
375;262;339;2014-10-05;79900
376;802;972;1924-05-07;82300
377;320;94;2005-05-29;86500
377;348;281;1965-05-19;7300
377;791;206;1990-06-24;95800
378;737;197;2016-05-28;78500
379;751;979;1993-05-30;13100
379;39;760;2021-07-12;70600
380;523;672;1951-08-02;62200
380;729;88;2007-08-19;97000
381;929;524;1923-09-13;21500
382;43;553;1929-07-28;43900
382;558;456;1950-01-18;60200
383;502;566;1907-01-20;21400
384;969;438;1910-04-14;17600
384;637;98;1998-09-25;29900
385;729;793;1956-03-29;71000
385;44;523;2000-09-14;61200
386;513;743;1965-12-04;37600
387;423;93;1968-08-04;55900
388;363;835;2012-08-01;93900
389;746;489;1924-07-27;88300
390;933;40;1900-08-10;20200
390;274;671;1966-07-10;18600
391;778;264;2013-10-14;6600
391;194;960;1984-06-28;65100
391;86;97;1959-07-07;63200
392;546;272;1914-05-30;30000
392;94;541;1933-10-13;66500
392;526;760;1981-06-19;70100
393;604;453;1941-10-02;53000
394;875;841;1964-01-02;2400
395;473;352;1900-12-29;47800
395;584;354;1941-04-23;33800
395;257;313;1919-12-01;26500
396;209;624;1938-07-29;97700
396;347;654;1934-12-13;55000
396;449;240;2014-10-24;97700
397;69;875;1960-07-20;7200
398;546;603;1903-10-12;4500
398;716;669;2019-08-25;80100
398;68;446;1921-05-25;12700
399;458;35;1932-03-07;3100
399;638;474;2015-10-07;45500
399;290;445;1936-11-21;26100
400;622;519;2016-04-16;72100
401;675;674;1900-10-05;19300
401;675;417;1998-01-19;65400
402;669;565;2019-07-22;89700
402;111;201;1957-09-30;97800
402;912;724;1908-11-30;2300
403;532;204;2018-08-10;77400
403;578;725;1950-12-01;78600
403;425;718;1918-06-01;36500
404;940;487;1971-02-01;86200
405;442;261;1957-01-23;66000
405;511;184;1996-06-29;47200
406;53;676;1948-08-12;7100
407;679;828;1969-09-16;41000
407;94;892;1987-07-13;64700
408;550;133;1983-04-15;4900
408;332;123;1958-04-20;41700
409;328;534;1951-02-22;70500
410;171;112;1917-05-11;62200
410;758;264;1927-08-19;54400
410;688;37;1935-04-02;23800
411;924;274;1913-12-03;47700
412;213;985;1902-04-04;53100
412;719;111;2009-04-18;46500
413;287;871;1979-04-21;900
413;703;775;1900-08-29;44300
414;888;439;1987-08-24;71900
414;712;589;1918-03-05;85800
414;46;403;1974-02-23;26500
415;528;626;1960-07-10;94500
416;347;666;1907-12-18;68000
416;761;828;1977-06-04;45100
416;397;17;2012-12-09;5400
417;964;457;1912-07-21;44200
418;935;561;1972-08-16;95200
418;807;329;1905-12-31;43800
418;743;620;1978-06-18;12800
419;598;462;1982-11-11;75300
419;574;746;1934-10-17;94700
419;486;434;1981-09-02;27400
420;801;844;1907-07-19;31300
421;848;826;2021-08-08;88700
421;975;106;1939-12-22;66500
421;108;885;1940-11-23;90700
422;520;697;1914-09-04;41700
422;475;817;1942-08-03;97800
422;238;591;1984-04-06;66300
423;292;259;1951-12-12;27400
423;689;715;1923-01-31;6300
423;244;259;1927-07-01;82700
424;386;753;1990-04-10;40000
424;703;472;1978-03-23;43500
424;84;526;1907-10-05;38900
425;895;235;2004-02-29;30900
425;462;33;1986-12-29;72500
425;871;675;2006-02-14;97500
426;891;579;1971-05-25;55400
426;147;155;1906-08-22;15500
426;424;694;1992-04-06;35000
427;28;148;1996-01-08;24300
427;984;486;2000-11-30;39600
427;492;573;1989-04-14;96500
428;844;662;2002-08-23;36500
428;114;239;1991-07-27;1100
428;740;124;1974-11-04;62600
429;702;965;1971-04-26;66900
430;406;70;2012-03-15;51800
431;882;326;1977-02-03;12300
431;853;645;1929-08-03;95400
432;973;307;1945-04-25;16200
433;256;714;2003-09-17;15800
433;28;287;1987-03-05;54000
434;519;975;1909-02-12;15900
434;811;798;1971-03-28;45900
435;148;139;1992-01-24;29100
435;484;523;1948-11-06;65100
435;576;9;1940-07-15;82000
436;602;583;1968-03-25;6100
436;482;133;1936-01-11;29800
437;772;207;1961-09-26;50000
437;310;451;1932-03-24;9800
437;204;663;1952-06-03;96800
438;653;440;1967-08-03;51200
438;739;782;2002-08-11;51700
438;33;239;1905-01-22;88900
439;607;801;1959-02-02;32600
439;66;22;1920-07-23;43600
440;947;835;1980-11-18;13300
441;197;499;1930-08-05;31200
441;978;579;2010-08-15;28500
442;268;323;2009-11-30;73300
442;664;903;1928-04-17;36900
442;816;310;1961-05-22;95800
443;45;476;1943-03-31;91500
444;948;916;1935-10-16;61900
445;819;93;1916-05-27;40700
446;634;350;1918-11-29;40100
447;60;357;1910-10-12;4900
447;761;325;1974-10-25;37200
448;258;397;1900-03-14;55300
448;103;681;2000-09-22;19000
449;397;902;2015-10-11;16400
450;871;919;1981-04-22;22900
451;694;204;1948-06-13;88200
451;739;504;1983-02-10;91000
452;778;631;2010-08-30;47700
453;654;637;1951-09-01;44100
453;527;453;1996-05-26;45400
454;520;243;1959-06-26;53600
454;229;903;1992-09-29;65900
454;11;765;2020-02-01;12300
455;473;965;2005-06-24;48000
455;824;925;1979-05-26;13600
456;430;738;1924-11-30;54600
456;573;769;2020-04-19;84100
456;985;439;1994-02-25;2300
457;950;839;2017-11-30;52000
458;468;622;1979-12-22;95900
459;379;698;1907-03-06;82400
459;445;350;1900-07-06;43500
459;205;648;1974-03-13;5200
460;888;396;1928-05-17;26800
460;789;904;1902-01-19;69100
461;276;792;1934-06-06;57700
461;456;529;1992-12-03;76700
461;440;197;1987-01-24;75100
462;245;773;2001-04-03;95600
463;302;198;1985-03-06;8700
464;18;784;1952-04-22;9800
465;176;316;1943-02-06;82700
465;518;567;1994-11-18;97300
465;166;750;2017-12-23;94800
466;275;588;2012-01-17;23800
466;266;844;1900-03-09;1100
467;625;31;1996-02-09;95900
467;786;365;1977-11-03;87500
467;199;279;1968-02-27;43500
468;889;563;1951-02-14;79900
468;234;165;1945-07-06;10800
469;870;623;1952-01-06;46300
470;664;403;1957-10-10;11700
470;765;676;1977-05-03;25100
471;643;945;1998-07-29;59900
472;537;998;1945-09-09;94800
473;387;235;2019-01-18;33700
473;972;461;1953-08-13;37200
474;641;719;1924-11-08;93300
474;450;873;1981-10-12;22800
475;325;528;1981-08-19;63900
476;308;747;1984-12-28;27300
477;503;859;1945-08-26;62800
477;467;576;1916-09-19;11900
478;87;457;1955-02-21;82400
478;603;96;1960-06-10;56600
478;494;284;1959-08-15;65000
479;237;488;1932-01-29;10300
479;675;593;1946-01-19;47800
480;673;214;1968-07-31;95300
480;905;446;1954-01-06;7500
481;92;53;1922-09-14;33300
482;806;695;2014-11-21;8600
483;488;681;1919-04-10;66600
484;196;615;1990-03-10;96900
485;605;969;2007-07-29;59300
486;13;240;1994-06-29;98100
486;922;7;1963-02-19;23400
487;634;207;1985-11-30;46800
487;99;577;1962-06-10;34900
487;946;802;1964-09-29;37600
488;239;300;1977-06-22;83000
488;972;555;2001-12-16;23700
488;97;385;1985-03-19;95600
489;226;169;2000-04-19;7300
489;211;629;1948-04-27;11600
489;357;247;1909-06-27;40100
490;71;686;1914-08-29;60100
490;454;601;1947-09-01;56300
491;975;456;1923-01-20;63400
492;533;545;1901-11-27;61800
492;254;371;1918-09-22;39000
493;598;809;1982-04-26;46200
493;825;680;1909-09-28;87800
493;408;1000;1922-05-17;29600
494;163;947;1957-02-12;16300
495;886;670;1907-12-26;80400
495;539;401;1913-11-04;73400
495;588;108;2010-09-22;90600
496;72;637;1915-01-08;49200
496;16;129;1995-05-07;23000
497;488;636;2010-02-14;21700
497;290;318;1979-12-21;4900
497;997;268;1906-01-17;36800
498;788;571;1994-04-17;55000
498;594;884;2012-01-17;69700
498;578;181;1992-10-06;96300
499;582;907;1925-02-01;38600
499;963;621;1912-06-01;87400
499;489;266;2011-06-12;98800
500;186;716;2016-03-14;87200
501;590;570;1969-09-26;29400
501;989;953;1920-07-25;79800
501;764;354;1995-08-03;27600
502;709;323;1966-01-06;9900
502;34;45;1965-09-29;66700
503;358;14;1901-09-20;77100
503;373;835;1984-10-17;83200
504;465;822;2002-06-28;52400
504;115;659;1921-11-11;71900
504;115;838;1926-11-07;43100
505;896;775;1984-09-24;99900
505;258;623;1999-02-25;42300
506;416;869;1907-08-27;40200
506;507;934;1963-12-20;84100
507;434;455;1991-04-12;4700
507;482;242;1985-10-31;96000
507;279;883;1924-06-18;93400
508;213;221;1980-12-28;71400
508;213;161;1930-03-17;17700
508;62;601;1993-01-21;29600
509;639;847;1932-11-25;63100
510;895;152;1919-05-29;98200
511;106;821;1917-11-04;84900
512;979;694;1982-06-30;44900
512;552;949;1986-01-04;85400
512;914;327;2007-06-26;73600
513;364;809;1961-04-01;38000
513;244;658;1912-02-27;59300
513;231;984;1980-07-17;84500
514;125;42;1928-07-06;61900
514;693;469;1908-01-17;83200
515;49;906;1953-04-17;22500
515;615;370;1983-02-18;17900
516;35;397;1904-11-16;600
517;285;607;2005-09-02;56700
517;874;185;1913-07-31;12700
518;340;672;1978-02-10;80300
519;97;963;1928-10-29;69000
519;707;168;1972-12-21;35200
520;247;235;1933-12-05;47700
521;216;661;1995-12-23;83800
522;369;874;2004-07-18;50100
522;501;242;1944-02-21;68300
522;963;411;1943-09-04;19800
523;399;983;1941-06-22;42100
524;380;244;1965-11-02;44400
525;998;207;1994-12-06;56500
526;318;75;1969-02-25;37000
526;445;610;1934-02-15;49600
526;105;138;1983-12-10;42400
527;343;609;1986-08-16;35000
527;833;586;2001-05-15;97800
528;69;131;1905-01-01;75400
528;484;266;1963-02-25;62200
528;162;348;2005-04-21;85600
529;575;43;1962-01-08;43900
529;584;69;1968-01-12;56500
529;581;334;1951-06-28;15300
530;523;672;1958-09-20;5700
530;964;696;1913-05-29;84000
530;422;399;2020-10-18;63200
531;94;302;1978-06-23;46600
531;679;113;1945-06-27;36100
532;429;924;1984-05-09;97300
532;610;633;2007-07-16;15500
532;997;358;1955-04-20;79800
533;50;770;1967-09-05;76700
533;808;819;1938-07-30;75300
533;707;119;1910-01-31;24800
534;388;788;1918-12-15;52200
534;416;66;2003-02-21;26900
534;31;921;1936-03-13;40800
535;992;962;2004-03-07;74900
535;14;476;1944-12-26;99900
536;865;392;2006-07-22;39000
537;842;727;2019-02-25;64800
537;219;357;1988-12-01;78700
538;363;967;1993-06-26;81500
539;945;630;1980-05-17;8300
540;631;828;1938-06-09;18000
541;442;382;1911-12-04;65000
541;226;510;1900-01-18;59400
541;144;338;1982-02-20;17000
542;57;788;1940-11-19;22800
542;566;409;2015-01-19;55000
543;342;210;1993-09-07;27800
544;762;326;1901-04-30;28800
545;688;108;2015-09-10;13700
545;973;589;1997-04-20;1000
546;955;593;2015-04-25;80400
546;827;528;1983-11-05;78000
547;578;732;1927-10-01;34100
548;925;437;1965-03-16;58800
548;990;652;1915-03-18;37700
548;705;109;1919-04-15;38000
549;846;912;1979-01-02;70600
549;971;195;1984-05-13;63100
550;184;163;1913-05-06;38100
550;631;900;1978-10-02;15900
550;674;869;1909-11-05;55800
551;704;889;1961-08-10;46500
551;29;404;1985-06-02;35300
551;507;950;1931-07-07;80700
552;238;376;1904-11-01;56500
552;42;588;2007-02-17;15100
552;177;185;1900-12-29;77100
553;758;421;1978-03-22;25400
553;559;25;1903-12-02;11300
553;702;418;2013-03-07;51000
554;4;371;1937-01-07;55700
554;111;134;1980-08-25;26800
554;587;95;1969-12-07;10400
555;267;198;1938-01-18;13300
556;922;296;1936-02-28;29600
556;33;977;2005-11-08;88100
557;191;364;1979-09-06;9700
557;676;108;1902-07-26;66800
557;82;60;1951-07-26;21200
558;365;702;1931-10-29;35800
558;678;538;1972-02-10;32900
559;427;546;1985-01-25;31300
560;800;809;1959-11-14;74600
560;235;730;2010-10-04;29300
560;642;706;1968-09-07;97000
561;422;110;1954-08-13;1900
561;57;929;1931-09-12;100
561;906;917;1924-05-02;45200
562;768;257;1976-10-04;36300
562;205;132;2005-10-26;21400
562;145;36;1911-09-02;900
563;446;996;1978-01-08;85100
563;559;319;1976-12-27;77900
563;97;579;1954-12-04;98500
564;815;611;1986-06-23;65900
564;25;79;1903-10-07;25000
564;307;658;1912-10-09;2400
565;685;38;1945-08-12;81600
566;815;235;2008-01-03;36400
566;539;917;1951-02-24;22600
566;440;634;1969-11-11;97800
567;226;310;1968-12-12;63900
567;560;649;1918-10-15;56600
567;749;100;2013-09-10;46600
568;484;950;1944-12-03;11000
568;578;665;1936-08-06;37200
568;626;41;1935-03-26;83400
569;650;387;2002-03-09;79100
569;690;279;1933-04-10;19400
570;712;777;1956-11-02;21800
570;62;897;1978-03-14;46800
571;592;102;1967-11-04;61200
571;804;659;2013-09-21;32800
571;39;453;1904-12-08;66700
572;456;765;2008-01-28;89400
572;124;363;1970-02-21;37200
573;275;991;1972-07-23;23800
574;929;985;1960-09-09;3600
574;405;697;1938-11-09;37000
574;22;810;1940-07-10;38600
575;702;4;2021-09-03;89800
575;712;988;1969-09-18;32700
575;642;457;2012-07-18;33700
576;304;622;1999-01-22;39000
577;386;958;1973-08-22;81000
577;717;883;1992-08-17;26800
578;293;47;1992-04-03;97400
579;74;356;1939-08-14;85000
580;97;86;1982-08-13;57500
580;824;446;1961-11-02;12100
580;884;595;1997-05-21;7900
581;930;155;1959-03-15;20400
582;277;269;1970-10-18;19100
582;52;171;2018-11-07;3000
583;961;560;1983-03-11;39900
583;29;160;2014-10-09;1100
584;622;34;2005-02-23;43500
585;109;50;1905-08-06;22300
585;565;890;1983-06-16;88800
586;842;495;1922-09-03;71600
587;728;322;2004-11-06;76500
587;965;406;1992-05-27;33800
587;593;402;2005-01-07;53400
588;155;418;1912-10-30;77200
588;167;911;1940-08-05;23600
588;918;712;1931-10-16;12100
589;715;31;1950-11-06;18400
590;237;77;1931-06-11;85200
590;355;264;1923-09-28;6700
590;953;781;1917-08-06;14800
591;327;399;1977-03-22;75900
591;308;831;1912-02-16;24000
592;382;937;1972-06-02;72000
593;559;808;2011-07-04;98800
593;63;137;2020-04-06;91800
593;776;320;1913-05-05;20700
594;671;497;1911-09-08;58400
595;707;697;1955-10-19;71400
595;335;522;1902-08-20;47200
596;708;306;1975-12-21;75600
597;425;538;2019-10-22;32600
597;955;797;2013-01-21;82100
598;777;294;1970-11-23;27600
598;520;559;1903-12-17;61100
598;995;161;1969-02-21;84100
599;93;821;1923-10-29;59300
599;123;354;2011-01-18;52600
600;479;881;1911-08-11;49600
601;989;693;2012-02-20;93700
602;140;351;1930-09-22;47000
603;267;189;1958-11-09;64400
604;103;195;1960-09-06;59400
605;194;170;1970-08-14;75000
606;507;295;1972-02-16;15900
606;12;672;1925-10-09;41400
607;121;792;1934-09-12;72300
607;370;44;1939-12-15;20300
608;255;829;1986-05-23;53500
608;403;340;1916-11-29;47300
609;847;478;2010-07-06;1700
609;604;79;1903-04-03;85500
610;478;495;1941-04-28;5700
610;653;59;1962-04-15;77500
610;224;574;1981-09-06;99700
611;238;726;2017-02-05;33200
612;500;107;2013-05-05;34900
612;287;550;1994-06-10;41600
612;5;232;1999-10-18;75100
613;228;855;1933-10-30;47800
613;121;281;2019-03-31;50500
614;714;16;2000-06-10;5200
615;699;794;1961-03-14;56000
616;398;625;2001-06-18;5500
616;280;528;1965-07-02;29800
616;523;899;2018-02-10;64000
617;397;818;1903-09-14;81500
617;998;698;1943-06-20;8100
617;617;184;1905-07-15;73700
618;276;626;1960-09-02;46500
618;908;516;1980-12-12;45700
619;399;907;1924-07-27;8000
619;864;950;1950-03-14;74400
619;369;87;1944-06-26;21400
620;159;24;2021-04-27;78600
620;308;472;2001-02-14;22900
621;755;66;1910-06-03;20100
622;374;100;1937-03-05;30900
622;641;833;1995-10-08;8800
623;790;19;1962-04-06;27100
623;292;250;2006-03-01;60600
624;394;189;1931-03-02;2700
624;747;708;1948-11-30;35000
625;531;57;1958-08-23;35100
626;933;812;1961-02-26;8100
626;272;469;1987-06-10;17800
627;474;45;1933-09-20;3400
627;947;368;2000-09-26;38700
628;136;442;1954-06-07;60200
629;954;161;2016-05-07;21700
629;987;212;1958-07-14;66800
629;711;442;1969-01-24;51600
630;736;279;1932-08-22;81100
630;68;549;1954-10-17;78000
631;173;367;1956-01-26;49300
632;39;710;1948-01-13;26000
632;966;313;1909-11-08;13800
632;397;38;1928-10-29;72200
633;334;557;1986-12-19;94500
633;494;399;2020-01-03;16800
634;587;451;2002-09-02;15000
634;942;823;1901-11-06;24100
634;965;418;1992-02-13;62600
635;86;730;1974-02-17;57900
635;901;966;1970-10-20;6200
635;886;546;1948-02-23;29300
636;860;728;1974-03-04;76900
637;716;770;1908-01-15;7400
638;513;379;1938-05-02;85800
638;373;251;1917-04-30;28800
638;122;696;1990-07-08;77800
639;155;282;1950-04-11;20200
640;969;949;1969-03-22;20000
640;42;69;2008-01-01;60500
641;628;117;1960-01-15;16100
642;580;299;2009-04-08;42800
642;223;109;1959-06-26;61200
643;825;678;1976-11-05;39800
643;372;360;2008-09-21;93300
643;376;65;1934-07-24;61300
644;824;705;1962-04-11;27700
645;67;941;1923-11-02;44000
645;101;826;1905-07-11;17000
646;887;473;1916-02-22;12700
646;640;642;1909-09-06;53700
646;78;416;1952-02-20;21200
647;220;112;1907-09-10;5900
648;791;447;1929-09-29;66400
649;916;495;1985-10-20;84100
649;4;35;1936-04-20;44200
649;503;577;2002-12-13;46600
650;114;933;2005-11-03;14000
650;91;224;2002-09-08;700
651;951;16;1904-09-29;29700
652;361;605;1918-03-22;3600
653;958;815;2017-12-30;47100
654;902;387;1921-02-03;81200
654;885;444;1973-12-08;71000
654;668;309;1956-07-14;34100
655;796;315;1997-12-12;63400
655;584;185;1935-02-08;74800
656;141;984;1996-10-25;87400
657;423;664;2017-01-12;31200
657;658;42;1923-11-23;71700
657;252;667;1949-08-09;28700
658;72;135;1928-02-01;67900
658;672;694;2000-12-06;4200
659;857;119;1903-09-04;13500
660;607;840;1973-02-08;90800
661;94;109;1900-04-04;8400
661;481;367;1913-08-22;94900
662;621;222;1937-04-06;45800
662;121;163;1923-12-14;45700
662;554;547;1949-09-04;57000
663;526;917;1981-08-23;76600
663;648;571;1980-04-02;67600
664;137;186;1953-01-29;70600
665;370;696;2007-11-01;17700
665;228;49;1950-11-23;47400
666;251;824;1977-05-13;34600
667;719;371;1959-09-25;39000
667;157;208;1918-11-27;73500
668;852;621;1934-06-10;42800
668;962;889;2011-11-28;75500
668;504;227;1983-08-06;69900
669;10;35;2004-05-13;99700
669;725;733;1902-11-27;88900
669;306;897;1992-05-07;42400
670;498;579;1966-10-24;55600
670;411;953;1946-10-31;22400
670;937;918;1910-02-12;80400
671;302;480;1985-12-30;69500
672;295;480;1968-08-15;70400
673;943;327;1979-12-01;40100
674;785;232;1952-02-25;88800
674;811;11;1969-09-11;46000
675;619;571;1985-07-26;43400
675;16;585;2007-04-20;50200
675;373;610;1906-10-15;71100
676;221;499;1991-05-05;96900
677;137;864;1965-08-15;63000
677;654;681;1936-05-17;73200
678;773;769;1947-10-18;57800
679;990;236;1964-06-24;25000
680;516;935;1962-10-11;71100
680;534;75;1975-05-10;31400
681;150;650;1960-11-08;25300
681;71;530;2008-08-14;14300
682;832;977;1963-06-04;7400
683;191;449;1954-07-03;64800
683;946;605;1955-07-30;98700
683;654;849;1965-02-26;30100
684;320;54;1954-02-06;21300
685;894;573;1969-05-09;82600
685;148;715;1929-11-10;16700
685;120;105;1909-02-11;60100
686;162;545;1938-12-10;18100
686;573;389;1902-06-13;99700
687;62;70;1974-03-11;56900
687;633;628;1999-09-11;21300
687;473;247;2001-03-22;91200
688;205;362;1934-01-14;84700
688;48;860;1901-03-16;15600
688;561;183;1944-08-11;71100
689;495;475;1926-05-26;74100
689;980;797;2009-10-21;51300
689;549;411;1904-08-22;41100
690;764;754;1963-11-07;46300
690;516;336;1984-04-08;52400
691;607;449;1974-12-22;85700
691;332;663;1955-02-02;15100
691;283;361;1962-06-06;52700
692;891;10;1983-09-11;90800
692;499;837;1955-09-19;86700
693;962;375;1984-07-21;71100
693;25;39;1972-09-28;80200
693;281;880;1954-07-22;16100
694;364;894;2006-09-26;99500
695;322;855;2014-06-28;10300
695;1;980;2013-04-14;65000
696;455;710;1985-12-16;10300
696;729;266;1947-09-12;88700
696;787;882;1941-08-28;88200
697;952;875;1903-01-14;98900
698;595;467;2016-04-28;13000
698;563;799;1927-04-01;42800
698;442;820;1993-01-18;93800
699;905;764;1922-11-26;99100
699;884;404;1944-03-21;65300
700;28;51;1964-11-04;14000
701;650;193;1955-08-21;89000
701;673;940;1982-08-11;19200
702;516;491;2003-11-02;22900
702;726;888;2005-10-10;24200
702;712;422;2019-12-16;50000
703;94;334;1921-02-04;25100
704;911;560;1988-07-04;48000
705;842;906;1979-06-25;97700
706;798;969;1919-04-20;79400
706;943;128;1924-11-02;39900
706;586;856;1903-09-07;19000
707;987;581;2007-11-18;83600
707;939;830;1960-03-02;60600
708;490;261;2004-07-24;27400
708;490;722;1995-11-14;26800
708;183;529;1977-05-25;97500
709;739;185;1990-09-21;64200
709;191;79;1910-11-03;35500
709;397;458;2002-09-28;71200
710;629;95;1970-06-14;62100
710;690;887;1981-08-03;89400
710;439;810;1981-06-10;27700
711;342;929;1949-07-14;87300
712;354;743;2007-01-30;42800
712;215;121;2003-12-04;77500
712;170;173;1983-06-06;54600
713;323;984;1946-12-30;67700
713;326;873;2011-07-22;46300
713;623;167;1985-12-02;44100
714;559;459;1925-12-07;51500
715;703;974;1925-09-22;11300
715;393;862;1960-09-09;37400
716;787;137;1967-10-01;91500
717;158;149;1953-08-26;23600
717;698;830;1976-04-24;69500
717;947;910;1960-11-01;33400
718;545;133;1976-11-24;43300
718;836;356;1940-05-29;98900
719;597;124;2012-01-23;3800
719;47;922;1938-06-09;36600
719;933;953;2014-05-13;77700
720;639;984;1969-09-21;37800
721;847;591;1948-04-08;21200
721;814;564;1977-03-12;86700
721;279;933;1967-08-20;42400
722;815;53;2016-05-10;67800
722;194;73;1972-10-16;67600
722;518;903;1993-10-07;59100
723;864;240;1959-12-19;70200
723;949;645;1971-06-15;63700
724;763;305;2017-06-15;62400
724;688;793;1945-09-04;43300
725;454;616;1975-05-09;49100
725;53;124;1956-05-03;76800
725;968;923;1972-06-30;5000
726;982;749;1956-12-21;27100
726;816;4;1919-05-10;52700
726;598;879;1920-05-10;77000
727;662;469;1908-05-10;21200
728;555;813;1992-10-20;31900
728;266;28;2017-04-15;85500
728;450;743;2020-06-11;67000
729;178;77;2009-01-14;4600
730;467;888;1915-03-02;57900
731;943;376;1966-11-10;55500
731;844;347;1940-04-08;4300
731;227;862;1974-10-12;88300
732;550;458;2004-04-11;67300
732;283;815;1936-10-03;72900
732;490;233;2006-06-05;93700
733;224;34;1900-08-18;16200
733;51;382;1975-03-21;84200
734;112;271;1966-02-22;65500
734;850;436;1944-03-31;11000
734;865;124;1965-10-17;62800
735;219;374;1975-01-02;44100
735;246;136;2020-09-28;99100
735;368;783;1963-08-24;61900
736;991;357;1962-07-24;40200
736;543;713;1958-07-26;42500
736;773;622;1909-03-22;85900
737;650;271;2000-08-28;25800
737;779;731;1968-07-15;49300
738;20;408;1958-04-23;81100
739;438;247;1932-01-19;20600
740;727;191;1942-04-03;5400
740;768;692;2013-06-23;46600
740;15;141;2004-06-27;65400
741;121;331;1939-10-02;38200
741;797;348;1920-01-07;51700
741;604;836;1996-02-01;72200
742;983;82;2019-12-14;68200
742;984;471;1933-04-04;71400
743;682;193;1908-02-29;48900
743;105;376;1963-05-13;62000
743;475;975;2017-02-26;6100
744;669;342;1989-01-23;58700
745;221;694;2017-05-23;23300
745;736;450;1958-01-25;80000
745;679;55;1906-08-09;8200
746;933;429;1909-02-09;68700
746;636;78;1966-08-12;38600
747;834;989;1921-12-18;46100
748;115;835;1939-04-15;74100
748;138;227;1968-07-22;33600
748;806;348;1970-03-29;48700
749;258;361;1949-12-16;65800
749;467;927;1931-06-11;95600
749;811;333;1912-10-24;53200
750;627;257;2016-05-15;92000
751;85;622;1951-04-05;13100
752;235;977;2011-01-13;21800
752;131;314;1940-03-28;96300
752;766;237;1940-11-18;17000
753;398;781;1912-06-02;19600
753;299;160;1934-02-03;98000
754;210;789;1948-10-26;62300
754;898;14;1958-11-04;97200
755;518;88;1943-09-29;63600
755;842;234;2012-02-19;56600
755;368;858;1985-11-02;80200
756;164;630;1983-05-25;57800
756;958;172;1947-05-30;18000
757;345;496;1906-03-17;91100
757;586;868;2011-03-17;55900
758;900;685;1979-10-21;62200
758;762;136;1986-01-26;27300
758;143;395;1968-02-24;18900
759;176;915;1948-10-05;78400
760;726;426;1932-09-16;93900
760;881;798;1911-07-07;12100
761;841;559;1983-02-04;53300
761;511;896;1936-07-06;16700
761;94;300;1926-03-30;90500
762;395;942;1939-02-19;84400
762;170;302;1997-03-08;35700
762;401;766;1973-05-12;16000
763;39;240;1914-11-21;65200
764;263;18;1906-06-28;22800
765;336;184;1909-04-12;61900
765;556;120;2002-06-26;18200
765;220;932;1965-08-08;57200
766;472;646;1923-01-01;86100
766;675;155;1964-07-22;72600
767;439;532;1972-04-21;23900
768;399;839;1920-02-18;77500
768;805;775;1917-11-02;6700
769;854;790;1964-04-01;68000
769;206;515;2017-12-04;95100
770;928;247;1906-05-03;32300
770;260;576;2018-12-09;14700
770;356;686;1955-12-26;99600
771;365;948;1986-01-01;22300
771;549;700;1999-10-03;24600
772;215;318;1938-09-22;72700
772;430;156;1937-04-27;23100
772;615;874;1965-08-06;19200
773;425;398;1980-10-01;73400
773;307;509;2015-02-23;53300
774;701;603;1904-05-30;9100
775;157;837;1968-10-26;96000
776;873;754;1996-04-06;62500
776;564;273;1946-03-12;79800
776;568;409;2009-07-30;50500
777;786;318;2015-04-27;91300
777;943;257;1965-04-02;45400
777;724;18;1903-10-06;300
778;174;813;1911-12-30;45000
779;464;408;1963-08-13;20500
779;59;923;1919-03-22;97600
779;897;54;1972-03-14;53900
780;251;653;1968-02-15;72600
780;518;395;1920-02-09;66200
781;245;28;1949-09-23;96800
781;3;468;1919-10-25;17900
782;66;480;1938-05-10;21200
782;441;308;1961-01-20;73800
782;478;908;1909-07-29;44100
783;558;228;1900-02-09;8600
783;494;773;1930-09-06;65700
783;796;316;1986-11-08;43700
784;425;405;1903-11-04;84900
784;698;230;1932-11-09;45300
784;644;140;1943-02-12;13400
785;384;623;1941-03-31;58800
786;294;180;1984-04-28;74700
786;977;931;2007-04-29;63100
786;313;574;1926-12-18;52000
787;952;589;2010-03-20;4500
787;932;958;1953-07-31;65700
787;202;900;2006-05-25;38100
788;861;372;2004-05-07;10800
789;272;536;1926-06-02;46100
789;658;461;1906-07-12;48700
790;213;330;2016-09-01;74200
790;334;546;1991-08-23;73000
791;83;465;1957-05-12;67800
792;843;149;2000-01-16;36600
793;195;889;2012-08-17;98000
794;10;291;2010-01-09;57500
795;320;430;1949-01-31;53000
796;676;196;1926-02-08;26800
796;391;971;1964-11-01;22000
796;164;450;2005-12-09;18400
797;954;851;2000-02-01;12100
798;295;868;1934-01-15;19900
798;21;596;1953-03-06;40700
799;717;204;1969-12-01;14500
800;139;430;1985-04-18;66100
800;904;935;1955-05-11;61000
801;381;942;2006-04-12;96300
802;697;296;1923-08-11;66700
802;328;735;1995-03-09;56000
803;165;687;1900-08-27;17400
803;999;838;1975-06-18;2100
803;50;459;2008-03-06;99500
804;856;605;1942-05-09;24600
804;796;342;2006-01-04;59500
805;290;277;2012-05-27;51200
806;290;720;1939-06-22;48000
806;844;979;2010-12-10;45300
807;23;691;1997-05-12;78000
808;695;626;1943-12-12;73200
809;904;393;1974-08-14;36400
809;56;134;1994-02-23;27600
810;276;66;2001-07-15;50000
810;822;725;1927-10-08;81900
810;430;315;1934-08-26;56000
811;198;638;1974-02-05;400
812;503;191;1909-05-13;83700
812;150;427;1906-08-01;83400
812;975;294;2012-06-12;69500
813;457;488;1910-07-02;22700
813;929;562;1994-11-10;88600
814;691;852;1961-04-05;82800
814;864;799;1945-07-12;89800
814;780;908;1949-04-24;72400
815;536;668;1956-11-05;69300
815;272;384;1918-05-08;73300
815;301;316;1966-10-05;27500
816;563;404;1962-08-12;8300
816;118;853;1982-01-12;5000
816;608;686;1978-07-26;84700
817;751;905;1966-06-06;29900
817;787;692;1909-10-21;52500
818;997;695;1934-01-21;48400
819;410;585;1931-10-14;88600
819;105;166;1962-02-06;15600
819;520;652;1949-10-06;51600
820;663;351;2012-06-20;86500
820;664;560;1947-10-20;31700
820;901;571;1944-03-12;22000
821;540;966;2016-11-02;33800
822;322;910;1957-08-30;17900
823;563;217;1917-02-18;96600
824;712;743;1969-12-19;4300
824;558;89;1946-06-06;86000
825;414;52;1961-01-27;17200
825;332;736;1930-10-22;35200
826;111;910;1979-02-05;9700
826;326;719;1919-08-24;41900
827;586;510;2010-11-23;90800
827;294;8;1994-01-28;91900
827;844;371;1941-09-10;46800
828;59;265;1907-08-23;1100
829;34;956;1998-05-21;4300
830;962;257;1939-07-31;16000
831;641;977;1992-08-31;97000
831;452;181;2003-01-03;95400
832;55;758;1935-04-21;36500
832;327;629;1914-08-03;98500
833;451;672;1972-12-29;33900
834;316;13;1923-02-22;12100
834;165;443;1930-04-18;53200
834;316;159;1903-09-23;22000
835;75;289;1977-12-16;99100
836;189;557;1972-09-24;900
836;189;660;1927-01-27;13900
836;381;903;1959-06-24;39800
837;506;957;1958-10-19;12400
837;619;65;1950-02-15;39100
838;51;280;1959-07-25;88300
839;599;134;1974-06-12;77800
839;964;299;1952-02-06;45800
839;566;266;2008-10-12;97100
840;578;767;1998-01-05;46100
840;484;817;1989-10-02;41900
840;368;525;2014-06-08;30300
841;102;307;1904-06-02;2300
842;149;15;1960-08-09;14900
842;584;173;1936-06-11;90500
842;415;505;1949-11-30;82600
843;340;800;1987-06-15;50000
843;454;546;1926-10-14;48000
844;76;531;2003-12-10;74600
845;732;374;2010-11-23;69700
846;67;225;2020-05-13;92500
846;888;113;1954-04-23;4000
847;616;939;1941-05-26;68400
847;702;853;1937-11-11;27500
847;469;807;1968-12-22;5800
848;337;499;1900-05-30;62400
848;351;204;1947-02-03;85500
848;940;2;1914-02-03;66900
849;825;669;2010-07-14;32900
850;479;107;1918-02-05;78100
851;854;531;1931-05-08;22200
852;639;9;1903-11-25;25600
852;602;50;1957-07-27;17900
853;135;843;1981-07-19;22900
853;53;764;1960-09-19;92400
853;524;133;2019-06-14;80500
854;466;122;1923-01-31;48800
854;603;378;2015-10-23;36400
855;335;699;1906-06-28;53500
855;677;301;1919-01-05;13200
855;878;681;1954-09-07;400
856;989;313;1958-08-22;29600
857;93;113;1977-01-03;13000
857;159;179;1968-11-17;68800
858;596;566;1964-01-03;7500
859;287;544;1912-01-04;72000
859;41;628;1990-06-03;32900
859;440;436;1913-06-23;81300
860;135;580;1902-08-31;57700
860;685;964;1935-09-09;56100
860;139;590;1935-12-03;46100
861;238;347;1957-08-05;63300
861;365;472;1913-08-08;6500
861;820;666;1958-11-13;39100
862;487;822;1933-07-18;81400
863;228;412;1925-04-13;16300
863;619;45;2000-10-18;25200
864;957;833;1910-08-17;59500
864;621;455;1939-11-13;99900
864;957;16;1950-05-25;17100
865;816;710;2014-10-19;48900
866;954;836;1935-07-17;29300
867;16;620;1929-08-09;99300
867;364;339;2013-11-06;78200
867;907;636;1958-08-19;71500
868;87;584;1942-02-07;15500
868;690;377;1906-06-07;23700
868;756;90;2004-03-14;90200
869;316;524;1999-08-07;90300
870;425;587;1976-08-02;5500
870;827;634;2017-11-16;24500
871;756;479;1950-09-16;13600
871;723;506;2010-11-17;97500
871;755;65;1947-03-09;34100
872;634;790;2004-08-01;71500
873;801;512;1970-06-29;78800
873;742;655;1999-04-30;55300
874;652;459;1982-08-24;29800
875;509;4;1991-12-17;46900
875;334;290;1919-08-16;10500
875;600;374;1994-03-13;48400
876;438;629;1905-02-11;53300
876;167;281;2004-01-23;70200
877;139;111;2015-09-24;58200
877;16;618;2002-08-09;43700
877;866;948;1925-06-04;9600
878;51;813;2001-06-17;30300
878;163;349;2011-12-06;81400
879;541;37;1933-12-02;82000
879;747;489;1925-12-15;5100
880;960;779;1904-04-11;20700
880;711;827;2004-02-10;49600
881;368;28;1959-10-03;46700
882;910;483;1989-05-12;89700
883;266;558;1974-02-10;18300
883;127;394;1965-08-12;73700
883;804;940;1964-03-04;75200
884;554;411;1920-02-21;29500
884;868;502;1918-01-11;71800
885;719;585;1935-12-30;94300
886;772;196;1942-06-26;56600
886;117;274;1921-09-19;39000
887;293;716;1915-05-09;46000
888;568;873;1967-07-11;38400
888;906;198;1944-12-25;32800
888;404;21;1995-10-01;76300
889;116;55;2018-11-06;12000
889;820;233;1949-02-17;84000
890;225;914;1933-04-09;34000
891;763;367;1904-05-04;79900
892;110;937;1962-09-07;68700
892;459;53;1932-06-29;17000
893;488;682;1922-07-16;25000
893;961;155;2001-06-17;23500
894;514;38;1920-11-16;66100
894;28;839;1978-07-05;4900
895;195;376;1945-03-17;61800
896;117;799;1926-07-28;82900
897;334;421;2007-05-29;13400
898;764;264;1969-09-30;62600
898;63;179;2011-03-31;77600
898;558;153;1920-05-09;62400
899;799;931;1988-12-05;1800
899;13;23;1913-05-17;54300
899;963;167;2016-06-05;44500
900;535;240;1997-11-15;25100
901;442;643;1965-11-04;16600
901;854;504;2020-09-19;68100
902;196;555;1950-06-02;46800
902;837;74;1916-09-06;3500
902;610;789;2021-09-10;99800
903;485;334;2004-07-23;24700
903;694;274;1978-12-04;44600
903;654;200;1972-08-01;41200
904;473;60;2015-04-22;83300
905;770;311;1948-07-07;1900
905;555;683;1900-02-18;21100
906;147;5;1998-11-03;26700
907;1000;42;1902-05-07;55900
907;62;343;1988-05-19;18100
908;839;256;1954-10-28;56400
909;674;793;1927-08-24;12500
910;957;760;1953-11-23;22200
910;811;168;1978-04-09;92800
911;226;332;1997-12-28;80500
911;412;290;1950-06-22;64200
911;497;70;1945-04-25;8800
912;633;545;2003-11-09;2400
912;37;402;1925-01-08;7200
912;616;883;1932-01-31;20300
913;474;565;1915-07-01;58100
913;698;150;1902-07-24;53100
914;247;243;1953-04-03;50800
914;974;261;1942-07-31;96200
914;985;525;1969-09-08;92700
915;135;536;1963-01-19;43500
916;460;700;2020-09-11;32400
916;257;257;2016-08-16;88900
916;466;817;2003-03-15;67700
917;409;721;1994-01-30;10400
917;256;366;1995-03-16;4100
918;664;882;1943-11-29;49100
918;380;432;1926-09-04;74300
919;977;391;1907-11-12;80900
919;429;869;1972-11-09;36100
920;750;943;1993-07-29;5300
921;621;795;1954-10-03;90400
921;975;904;1960-04-02;47700
921;728;385;2008-06-15;44400
922;538;150;1983-10-02;52300
922;174;313;1916-08-26;24600
923;785;522;1918-03-19;83000
923;935;11;1972-10-22;1700
923;482;253;1903-02-08;18000
924;868;356;1963-03-18;93600
924;300;620;1940-10-21;11100
924;742;339;2005-10-18;53600
925;17;804;1928-12-04;16400
925;478;633;2000-03-28;69100
926;446;946;1904-03-14;85600
926;202;961;1979-10-05;85800
927;864;694;2016-08-09;98000
927;900;409;1965-06-09;97500
927;283;547;1921-08-21;9500
928;343;690;1975-07-29;30100
928;77;960;2013-10-16;70400
929;994;718;1979-03-28;21900
930;78;638;1955-04-17;27200
930;474;743;1962-06-26;30500
930;769;112;1927-07-20;79300
931;658;945;1912-03-30;79500
932;796;22;1969-10-19;27800
932;460;682;1987-06-03;46200
933;877;292;1983-08-24;65500
933;644;559;1929-02-19;43400
934;690;982;1975-06-06;36800
934;165;465;1917-04-09;80600
934;855;82;1988-10-22;48400
935;595;433;1945-10-03;70500
935;416;604;2022-11-29;13200
936;505;485;2012-12-19;63100
937;582;597;1988-12-04;65600
937;527;675;1903-02-06;12800
937;873;829;1910-11-20;84400
938;755;298;1954-05-20;87600
938;134;793;1924-04-24;13400
938;855;882;1955-09-21;20900
939;505;233;1917-08-16;86200
939;791;113;1999-02-08;68600
940;819;151;1955-08-13;78200
940;157;454;1976-05-31;24000
941;897;240;1984-06-01;69500
941;614;621;2018-09-18;28100
942;44;618;1961-03-18;82700
942;853;960;2020-04-11;40100
942;214;594;1900-12-04;62300
943;992;468;1968-10-11;31300
944;262;19;2005-08-14;31100
945;730;31;2017-09-04;36200
946;635;35;1936-04-07;89800
947;475;317;1900-01-03;24700
947;252;930;1932-06-24;91900
948;429;311;1933-06-09;74100
948;442;833;1921-12-08;87100
949;75;620;1904-03-14;81800
949;631;298;1969-06-12;74400
949;548;774;1915-08-07;80600
950;753;52;1986-09-26;19600
951;992;747;1958-03-17;23400
951;927;637;1979-01-07;65200
952;19;30;1982-07-29;82700
953;333;160;1931-12-04;62700
953;144;503;1950-05-19;11500
954;141;810;2003-08-27;91600
954;944;18;1910-12-17;28800
954;181;423;2009-07-27;53800
955;601;215;1936-10-13;87400
956;826;625;1989-07-18;42600
956;912;341;2016-03-18;67800
957;183;712;2017-05-14;17900
958;273;780;2005-02-10;92900
958;131;509;1903-03-22;7900
958;923;561;1960-09-23;89000
959;65;341;1923-10-09;30600
960;302;633;1941-06-12;89100
961;152;83;1954-04-01;98100
962;916;7;1958-02-03;42600
963;36;436;1956-10-27;65300
963;302;633;1959-12-16;70500
964;858;312;2014-08-17;80000
964;575;846;1994-12-28;86100
964;584;671;1917-11-05;87600
965;610;58;1983-04-04;30900
965;351;519;1921-04-21;400
965;389;447;2008-06-25;34300
966;767;985;1926-08-22;95300
967;742;821;1997-06-18;32600
968;26;791;1945-07-27;70400
969;528;488;2015-08-17;38700
969;744;18;1920-03-14;83200
970;761;998;2000-03-12;8700
971;487;509;1977-10-11;90000
972;442;745;1987-10-11;8100
973;805;644;1930-04-13;28000
974;750;163;2021-11-15;68400
974;157;972;1981-12-29;25100
975;171;847;1994-08-16;43800
976;543;257;2014-05-03;51100
976;229;954;2001-03-19;57800
977;311;281;1966-06-28;90300
977;569;741;1936-06-26;73100
978;1;911;1990-10-14;16300
978;158;219;1945-11-04;96300
979;687;140;1907-04-28;11600
980;9;785;1979-02-07;7100
980;871;465;1906-03-14;76200
980;439;449;1996-06-19;35900
981;592;145;1908-01-17;60400
981;662;644;1948-02-08;35300
982;275;457;1938-02-13;100
982;98;933;2019-11-29;61500
982;660;486;1996-06-06;81600
983;627;413;1955-10-13;73200
983;105;494;1907-01-13;41900
983;238;916;1924-02-09;28700
984;146;137;1988-05-04;80000
984;703;368;2016-07-05;32400
984;288;536;2000-08-02;77600
985;422;829;1900-06-29;46800
985;361;964;1948-05-19;18300
985;555;585;1964-12-13;51300
986;495;330;1999-04-05;15900
986;495;644;1919-04-26;800
986;628;127;1970-06-23;39700
987;84;283;1939-10-29;77500
987;146;73;1997-04-21;15700
988;657;708;1958-09-21;11100
988;553;765;1966-06-26;9300
988;98;267;1944-06-19;15200
989;344;130;1974-03-05;36400
989;917;38;1954-12-06;59100
990;735;583;1907-09-21;84000
990;175;217;1921-04-04;5900
990;559;854;1928-07-09;63400
991;476;48;2018-11-27;24700
991;631;93;1938-10-16;67100
991;700;557;1909-09-13;84100
992;156;102;1992-04-20;40000
993;294;910;1929-02-11;61100
993;186;350;1968-09-06;91600
994;475;429;1967-04-22;50600
994;272;511;1983-09-30;33200
994;933;333;1941-08-29;35800
995;484;498;1941-01-29;43300
996;583;52;1933-10-25;46100
996;819;379;1924-05-13;12900
996;316;838;1964-12-09;5300
997;1;759;2000-02-06;84800
997;718;52;1937-09-06;34700
997;5;141;2002-05-02;21500
998;482;301;1956-02-17;13100
998;326;657;1910-11-23;2800
999;889;12;1997-03-29;12600
1000;848;919;1927-04-08;44400
1000;814;94;1973-12-12;59700
1000;665;758;1982-11-27;35600
